004949.png, 675, 176, 743, 286, person, 0.900990903378, 1.08094286919
004949.png, 659, 220, 756, 305, bicycle, 0.896314680576, 1.08094286919
004949.png, 178, 168, 213, 263, person, 0.867811620235, 1.08094286919
004949.png, 240, 174, 261, 256, person, 0.507854640484, 1.08094286919
001372.png, 123, 189, 366, 316, car, 0.90461742878, 0.663381099701
001372.png, 762, 158, 787, 231, person, 0.82022356987, 0.663381099701
001372.png, 463, 182, 526, 221, car, 0.802900135517, 0.663381099701
001372.png, 355, 173, 408, 282, person, 0.77531182766, 0.663381099701
001372.png, 631, 169, 659, 191, car, 0.654843211174, 0.663381099701
001372.png, 355, 223, 406, 308, bicycle, 0.646125137806, 0.663381099701
001366.png, 850, 214, 1002, 310, bicycle, 0.91988068819, 0.506137132645
001366.png, 211, 214, 274, 298, bicycle, 0.869927763939, 0.506137132645
001366.png, 872, 155, 969, 286, person, 0.854389667511, 0.506137132645
001366.png, 208, 166, 274, 274, person, 0.820732235909, 0.506137132645
001366.png, 1045, 144, 1138, 350, person, 0.797581315041, 0.506137132645
001366.png, 132, 150, 157, 217, person, 0.686406731606, 0.506137132645
001366.png, 1161, 176, 1223, 352, person, 0.665260732174, 0.506137132645
001366.png, 158, 152, 188, 217, person, 0.626036286354, 0.506137132645
001366.png, 601, 174, 634, 204, car, 0.624632000923, 0.506137132645
001366.png, 24, 173, 60, 212, motorcycle, 0.578121066093, 0.506137132645
001366.png, 78, 171, 120, 202, motorcycle, 0.572231769562, 0.506137132645
001366.png, 1125, 186, 1206, 226, car, 0.524001717567, 0.506137132645
001366.png, 973, 186, 1068, 223, car, 0.512048780918, 0.506137132645
001366.png, 850, 214, 1002, 310, bicycle, 0.91988068819, 0.648199081421
001366.png, 211, 214, 274, 298, bicycle, 0.869927763939, 0.648199081421
001366.png, 872, 155, 969, 286, person, 0.854389667511, 0.648199081421
001366.png, 208, 166, 274, 274, person, 0.820732235909, 0.648199081421
001366.png, 1045, 144, 1138, 350, person, 0.797581315041, 0.648199081421
001366.png, 132, 150, 157, 217, person, 0.686406731606, 0.648199081421
001366.png, 1161, 176, 1223, 352, person, 0.665260732174, 0.648199081421
001366.png, 158, 152, 188, 217, person, 0.626036286354, 0.648199081421
001366.png, 601, 174, 634, 204, car, 0.624632000923, 0.648199081421
001366.png, 24, 173, 60, 212, motorcycle, 0.578121066093, 0.648199081421
001366.png, 78, 171, 120, 202, motorcycle, 0.572231769562, 0.648199081421
001366.png, 1125, 186, 1206, 226, car, 0.524001717567, 0.648199081421
001366.png, 973, 186, 1068, 223, car, 0.512048780918, 0.648199081421
001366.png, 850, 214, 1002, 310, bicycle, 0.91988068819, 0.546223163605
001366.png, 211, 214, 274, 298, bicycle, 0.869927763939, 0.546223163605
001366.png, 872, 155, 969, 286, person, 0.854389667511, 0.546223163605
001366.png, 208, 166, 274, 274, person, 0.820732235909, 0.546223163605
001366.png, 1045, 144, 1138, 350, person, 0.797581315041, 0.546223163605
001366.png, 132, 150, 157, 217, person, 0.686406731606, 0.546223163605
001366.png, 1161, 176, 1223, 352, person, 0.665260732174, 0.546223163605
001366.png, 158, 152, 188, 217, person, 0.626036286354, 0.546223163605
001366.png, 601, 174, 634, 204, car, 0.624632000923, 0.546223163605
001366.png, 24, 173, 60, 212, motorcycle, 0.578121066093, 0.546223163605
001366.png, 78, 171, 120, 202, motorcycle, 0.572231769562, 0.546223163605
001366.png, 1125, 186, 1206, 226, car, 0.524001717567, 0.546223163605
001366.png, 973, 186, 1068, 223, car, 0.512048780918, 0.546223163605
002690.png, 1028, 155, 1117, 374, person, 0.863284528255, 0.475524902344
002690.png, 850, 185, 936, 368, person, 0.851749539375, 0.475524902344
002690.png, 321, 198, 397, 237, car, 0.774931550026, 0.475524902344
002690.png, 908, 245, 1206, 374, bicycle, 0.734041929245, 0.475524902344
002690.png, 960, 1, 1090, 63, traffic light, 0.635646641254, 0.475524902344
002690.png, 918, 242, 1030, 373, bicycle, 0.541840314865, 0.475524902344
002690.png, 1028, 155, 1117, 374, person, 0.863284528255, 0.711564064026
002690.png, 850, 185, 936, 368, person, 0.851749539375, 0.711564064026
002690.png, 321, 198, 397, 237, car, 0.774931550026, 0.711564064026
002690.png, 908, 245, 1206, 374, bicycle, 0.734041929245, 0.711564064026
002690.png, 960, 1, 1090, 63, traffic light, 0.635646641254, 0.711564064026
002690.png, 918, 242, 1030, 373, bicycle, 0.541840314865, 0.711564064026
003377.png, 129, 149, 270, 367, person, 0.950806260109, 0.691208124161
003377.png, 895, 172, 938, 255, person, 0.831976294518, 0.691208124161
003377.png, 517, 180, 538, 239, person, 0.77598375082, 0.691208124161
003377.png, 501, 179, 518, 237, person, 0.710088849068, 0.691208124161
003377.png, 132, 251, 283, 374, bicycle, 0.653093636036, 0.691208124161
003377.png, 639, 166, 658, 218, person, 0.588936924934, 0.691208124161
003377.png, 660, 168, 677, 214, person, 0.560941398144, 0.691208124161
003377.png, 507, 178, 526, 238, person, 0.517347157001, 0.691208124161
003377.png, 460, 175, 477, 218, person, 0.504076719284, 0.691208124161
001992.png, 291, 162, 501, 313, car, 0.919135510921, 0.510411977768
001992.png, 490, 190, 534, 256, car, 0.840211510658, 0.510411977768
001992.png, 8, 215, 330, 374, car, 0.832644701004, 0.510411977768
001992.png, 674, 183, 792, 236, car, 0.820265710354, 0.510411977768
001992.png, 638, 181, 690, 212, car, 0.807817280293, 0.510411977768
001992.png, 1050, 222, 1236, 361, bicycle, 0.761150181293, 0.510411977768
001992.png, 521, 189, 562, 229, car, 0.734864830971, 0.510411977768
001992.png, 894, 220, 1053, 344, bicycle, 0.669974625111, 0.510411977768
001992.png, 1142, 167, 1208, 263, person, 0.651045501232, 0.510411977768
001992.png, 769, 215, 845, 282, bicycle, 0.591633975506, 0.510411977768
001992.png, 845, 214, 960, 315, bicycle, 0.587687671185, 0.510411977768
001992.png, 154, 203, 313, 250, car, 0.571340382099, 0.510411977768
001992.png, 530, 175, 574, 219, car, 0.547484517097, 0.510411977768
001992.png, 501, 189, 545, 241, car, 0.542834162712, 0.510411977768
001992.png, 1116, 211, 1222, 278, bicycle, 0.542295336723, 0.510411977768
001788.png, 53, 207, 305, 335, car, 0.968622744083, 0.567684173584
001788.png, 279, 198, 385, 279, car, 0.8554225564, 0.567684173584
001788.png, 881, 220, 1005, 287, bicycle, 0.850735425949, 0.567684173584
001788.png, 915, 176, 972, 276, person, 0.849603354931, 0.567684173584
001788.png, 393, 195, 502, 271, car, 0.83861130476, 0.567684173584
001788.png, 1083, 229, 1234, 355, motorcycle, 0.746301412582, 0.567684173584
001788.png, 804, 209, 904, 275, bicycle, 0.739858031273, 0.567684173584
001788.png, 832, 175, 872, 261, person, 0.727066993713, 0.567684173584
001788.png, 639, 180, 706, 218, car, 0.722605705261, 0.567684173584
001788.png, 1112, 157, 1242, 258, car, 0.712826192379, 0.567684173584
001788.png, 613, 179, 648, 204, car, 0.596269905567, 0.567684173584
001788.png, 747, 193, 783, 237, bicycle, 0.569358289242, 0.567684173584
001788.png, 376, 194, 445, 242, car, 0.56923854351, 0.567684173584
001788.png, 471, 174, 540, 236, car, 0.550505161285, 0.567684173584
001788.png, 702, 191, 750, 235, bicycle, 0.542936146259, 0.567684173584
001788.png, 729, 191, 771, 236, bicycle, 0.504340291023, 0.567684173584
001788.png, 53, 207, 305, 335, car, 0.968622744083, 0.59014415741
001788.png, 279, 198, 385, 279, car, 0.8554225564, 0.59014415741
001788.png, 881, 220, 1005, 287, bicycle, 0.850735425949, 0.59014415741
001788.png, 915, 176, 972, 276, person, 0.849603354931, 0.59014415741
001788.png, 393, 195, 502, 271, car, 0.83861130476, 0.59014415741
001788.png, 1083, 229, 1234, 355, motorcycle, 0.746301412582, 0.59014415741
001788.png, 804, 209, 904, 275, bicycle, 0.739858031273, 0.59014415741
001788.png, 832, 175, 872, 261, person, 0.727066993713, 0.59014415741
001788.png, 639, 180, 706, 218, car, 0.722605705261, 0.59014415741
001788.png, 1112, 157, 1242, 258, car, 0.712826192379, 0.59014415741
001788.png, 613, 179, 648, 204, car, 0.596269905567, 0.59014415741
001788.png, 747, 193, 783, 237, bicycle, 0.569358289242, 0.59014415741
001788.png, 376, 194, 445, 242, car, 0.56923854351, 0.59014415741
001788.png, 471, 174, 540, 236, car, 0.550505161285, 0.59014415741
001788.png, 702, 191, 750, 235, bicycle, 0.542936146259, 0.59014415741
001788.png, 729, 191, 771, 236, bicycle, 0.504340291023, 0.59014415741
005539.png, 298, 187, 400, 237, car, 0.931354761124, 0.507364988327
005539.png, 153, 189, 336, 258, car, 0.929225862026, 0.507364988327
005539.png, 913, 162, 959, 188, car, 0.819490015507, 0.507364988327
005539.png, 1153, 187, 1236, 261, bicycle, 0.798463821411, 0.507364988327
005539.png, 1168, 139, 1216, 237, person, 0.696214616299, 0.507364988327
005539.png, 1094, 162, 1184, 219, car, 0.527965903282, 0.507364988327
004419.png, 970, 158, 1020, 261, person, 0.898314297199, 0.546172142029
004419.png, 371, 180, 410, 205, car, 0.766060829163, 0.546172142029
004419.png, 974, 217, 1025, 273, bicycle, 0.728585422039, 0.546172142029
004419.png, 0, 59, 272, 273, train, 0.624232709408, 0.546172142029
004419.png, 417, 175, 449, 198, car, 0.547735452652, 0.546172142029
004425.png, 426, 163, 471, 255, person, 0.789052069187, 0.524905920029
004425.png, 803, 165, 847, 264, person, 0.783705353737, 0.524905920029
004425.png, 314, 159, 376, 297, person, 0.771180331707, 0.524905920029
004425.png, 314, 206, 368, 318, bicycle, 0.740781784058, 0.524905920029
004425.png, 423, 208, 470, 275, bicycle, 0.732878386974, 0.524905920029
004425.png, 567, 159, 596, 182, car, 0.729634404182, 0.524905920029
004425.png, 614, 132, 661, 195, truck, 0.600371658802, 0.524905920029
004425.png, 473, 173, 510, 208, bicycle, 0.506079375744, 0.524905920029
004425.png, 426, 163, 471, 255, person, 0.789052069187, 0.493098020554
004425.png, 803, 165, 847, 264, person, 0.783705353737, 0.493098020554
004425.png, 314, 159, 376, 297, person, 0.771180331707, 0.493098020554
004425.png, 314, 206, 368, 318, bicycle, 0.740781784058, 0.493098020554
004425.png, 423, 208, 470, 275, bicycle, 0.732878386974, 0.493098020554
004425.png, 567, 159, 596, 182, car, 0.729634404182, 0.493098020554
004425.png, 614, 132, 661, 195, truck, 0.600371658802, 0.493098020554
004425.png, 473, 173, 510, 208, bicycle, 0.506079375744, 0.493098020554
000910.png, 5, 208, 286, 347, car, 0.971284210682, 0.672378063202
000910.png, 1137, 187, 1241, 266, car, 0.925364851952, 0.672378063202
000910.png, 259, 201, 375, 286, car, 0.878406047821, 0.672378063202
000910.png, 857, 184, 917, 287, person, 0.856817543507, 0.672378063202
000910.png, 379, 199, 493, 278, car, 0.852247238159, 0.672378063202
000910.png, 828, 222, 951, 293, bicycle, 0.7947281003, 0.672378063202
000910.png, 637, 182, 711, 218, car, 0.658233225346, 0.672378063202
000910.png, 455, 174, 532, 243, car, 0.639736115932, 0.672378063202
000910.png, 537, 185, 564, 208, car, 0.639354407787, 0.672378063202
000910.png, 793, 213, 858, 281, bicycle, 0.636779367924, 0.672378063202
000910.png, 364, 196, 437, 241, car, 0.602855861187, 0.672378063202
000910.png, 610, 180, 644, 204, car, 0.589577794075, 0.672378063202
000910.png, 523, 185, 545, 226, car, 0.558957397938, 0.672378063202
000910.png, 702, 191, 759, 241, bicycle, 0.547791957855, 0.672378063202
000910.png, 5, 208, 286, 347, car, 0.971284210682, 0.444036006927
000910.png, 1137, 187, 1241, 266, car, 0.925364851952, 0.444036006927
000910.png, 259, 201, 375, 286, car, 0.878406047821, 0.444036006927
000910.png, 857, 184, 917, 287, person, 0.856817543507, 0.444036006927
000910.png, 379, 199, 493, 278, car, 0.852247238159, 0.444036006927
000910.png, 828, 222, 951, 293, bicycle, 0.7947281003, 0.444036006927
000910.png, 637, 182, 711, 218, car, 0.658233225346, 0.444036006927
000910.png, 455, 174, 532, 243, car, 0.639736115932, 0.444036006927
000910.png, 537, 185, 564, 208, car, 0.639354407787, 0.444036006927
000910.png, 793, 213, 858, 281, bicycle, 0.636779367924, 0.444036006927
000910.png, 364, 196, 437, 241, car, 0.602855861187, 0.444036006927
000910.png, 610, 180, 644, 204, car, 0.589577794075, 0.444036006927
000910.png, 523, 185, 545, 226, car, 0.558957397938, 0.444036006927
000910.png, 702, 191, 759, 241, bicycle, 0.547791957855, 0.444036006927
003969.png, 197, 168, 240, 266, person, 0.861104249954, 0.645061016083
003969.png, 865, 175, 902, 269, person, 0.53020131588, 0.645061016083
003969.png, 844, 206, 897, 277, motorcycle, 0.505108654499, 0.645061016083
004747.png, 1007, 148, 1155, 348, person, 0.939270615578, 0.649189949036
004747.png, 765, 154, 870, 344, person, 0.884422719479, 0.649189949036
004747.png, 855, 156, 902, 306, person, 0.771685361862, 0.649189949036
004747.png, 635, 150, 698, 279, person, 0.771641969681, 0.649189949036
004747.png, 78, 172, 123, 202, motorcycle, 0.755706071854, 0.649189949036
004747.png, 592, 164, 649, 297, person, 0.729387104511, 0.649189949036
004747.png, 536, 164, 586, 273, person, 0.72416895628, 0.649189949036
004747.png, 256, 152, 276, 206, person, 0.659230053425, 0.649189949036
004747.png, 829, 155, 882, 303, person, 0.658824801445, 0.649189949036
004747.png, 963, 185, 1046, 224, car, 0.642111480236, 0.649189949036
004747.png, 24, 174, 60, 212, motorcycle, 0.61559009552, 0.649189949036
004747.png, 187, 155, 214, 226, person, 0.571318805218, 0.649189949036
004747.png, 510, 164, 531, 218, person, 0.550193071365, 0.649189949036
004747.png, 576, 164, 605, 271, person, 0.537693619728, 0.649189949036
004747.png, 222, 158, 240, 206, person, 0.5163615942, 0.649189949036
002320.png, 23, 184, 214, 374, person, 0.825168669224, 0.496728897095
002320.png, 617, 162, 652, 194, car, 0.789369702339, 0.496728897095
007264.png, 54, 204, 377, 364, car, 0.924382925034, 0.521525859833
007264.png, 440, 188, 501, 236, car, 0.901027143002, 0.521525859833
007264.png, 1000, 140, 1072, 266, person, 0.858148634434, 0.521525859833
007264.png, 537, 187, 587, 221, car, 0.723397672176, 0.521525859833
007264.png, 476, 156, 534, 223, truck, 0.6096971035, 0.521525859833
007264.png, 1001, 195, 1093, 305, bicycle, 0.553324878216, 0.521525859833
005665.png, 458, 179, 516, 290, person, 0.796413242817, 0.699105978012
005665.png, 87, 221, 278, 352, bicycle, 0.752802670002, 0.699105978012
005665.png, 455, 228, 517, 308, bicycle, 0.686644494534, 0.699105978012
005665.png, 278, 221, 393, 302, motorcycle, 0.559932470322, 0.699105978012
005665.png, 4, 251, 151, 367, bicycle, 0.544230163097, 0.699105978012
002095.png, 730, 216, 863, 309, bicycle, 0.936367034912, 0.451942205429
002095.png, 340, 163, 374, 247, person, 0.796323597431, 0.451942205429
002095.png, 911, 147, 998, 329, person, 0.761300623417, 0.451942205429
002095.png, 758, 161, 830, 282, person, 0.744183659554, 0.451942205429
002095.png, 1079, 138, 1144, 338, person, 0.73178255558, 0.451942205429
002095.png, 78, 172, 123, 202, motorcycle, 0.721151292324, 0.451942205429
002095.png, 185, 153, 208, 216, person, 0.718336939812, 0.451942205429
002095.png, 976, 156, 1045, 312, person, 0.714414000511, 0.451942205429
002095.png, 153, 152, 179, 215, person, 0.673789322376, 0.451942205429
002095.png, 601, 174, 634, 204, car, 0.664915859699, 0.451942205429
002095.png, 343, 196, 375, 252, bicycle, 0.656789004803, 0.451942205429
002095.png, 234, 170, 289, 195, bicycle, 0.654500603676, 0.451942205429
002095.png, 1144, 146, 1217, 367, person, 0.631821751595, 0.451942205429
002095.png, 24, 173, 60, 212, motorcycle, 0.603643119335, 0.451942205429
002095.png, 875, 211, 1059, 301, bicycle, 0.600396811962, 0.451942205429
002095.png, 945, 148, 1030, 328, person, 0.596163451672, 0.451942205429
002095.png, 730, 216, 863, 309, bicycle, 0.936367034912, 0.617192983627
002095.png, 340, 163, 374, 247, person, 0.796323597431, 0.617192983627
002095.png, 911, 147, 998, 329, person, 0.761300623417, 0.617192983627
002095.png, 758, 161, 830, 282, person, 0.744183659554, 0.617192983627
002095.png, 1079, 138, 1144, 338, person, 0.73178255558, 0.617192983627
002095.png, 78, 172, 123, 202, motorcycle, 0.721151292324, 0.617192983627
002095.png, 185, 153, 208, 216, person, 0.718336939812, 0.617192983627
002095.png, 976, 156, 1045, 312, person, 0.714414000511, 0.617192983627
002095.png, 153, 152, 179, 215, person, 0.673789322376, 0.617192983627
002095.png, 601, 174, 634, 204, car, 0.664915859699, 0.617192983627
002095.png, 343, 196, 375, 252, bicycle, 0.656789004803, 0.617192983627
002095.png, 234, 170, 289, 195, bicycle, 0.654500603676, 0.617192983627
002095.png, 1144, 146, 1217, 367, person, 0.631821751595, 0.617192983627
002095.png, 24, 173, 60, 212, motorcycle, 0.603643119335, 0.617192983627
002095.png, 875, 211, 1059, 301, bicycle, 0.600396811962, 0.617192983627
002095.png, 945, 148, 1030, 328, person, 0.596163451672, 0.617192983627
002917.png, 1091, 209, 1197, 305, bicycle, 0.880952000618, 0.705274105072
002917.png, 1100, 143, 1182, 283, person, 0.802228093147, 0.705274105072
002917.png, 813, 167, 831, 215, person, 0.792153477669, 0.705274105072
002917.png, 1018, 174, 1066, 198, car, 0.773658871651, 0.705274105072
002917.png, 1170, 158, 1212, 252, person, 0.61846768856, 0.705274105072
002526.png, 725, 202, 800, 284, bicycle, 0.9061191082, 0.632993221283
002526.png, 23, 164, 180, 367, person, 0.901009261608, 0.632993221283
002526.png, 849, 148, 902, 278, person, 0.775619447231, 0.632993221283
002526.png, 192, 221, 292, 308, bicycle, 0.71640753746, 0.632993221283
002526.png, 569, 163, 601, 252, person, 0.671984314919, 0.632993221283
002526.png, 247, 206, 320, 287, bicycle, 0.619698822498, 0.632993221283
002526.png, 525, 165, 550, 233, person, 0.612971842289, 0.632993221283
002526.png, 492, 159, 523, 249, person, 0.582830071449, 0.632993221283
002526.png, 361, 152, 402, 206, person, 0.569265305996, 0.632993221283
002526.png, 404, 204, 455, 252, chair, 0.534901678562, 0.632993221283
002526.png, 635, 188, 681, 229, motorcycle, 0.52680683136, 0.632993221283
002526.png, 737, 151, 773, 212, person, 0.52306497097, 0.632993221283
002526.png, 602, 165, 618, 216, person, 0.502444505692, 0.632993221283
001946.png, 463, 153, 540, 301, person, 0.750487864017, 0.690309047699
001946.png, 457, 201, 527, 316, motorcycle, 0.617308080196, 0.690309047699
001946.png, 750, 128, 782, 157, car, 0.605873942375, 0.690309047699
001774.png, 1009, 152, 1117, 301, person, 0.895719826221, 0.600533008575
001774.png, 0, 197, 58, 255, car, 0.859263300896, 0.600533008575
001774.png, 585, 160, 622, 199, train, 0.854247093201, 0.600533008575
001774.png, 1012, 220, 1127, 327, bicycle, 0.788475632668, 0.600533008575
001774.png, 426, 182, 457, 204, car, 0.656789422035, 0.600533008575
003407.png, 206, 193, 299, 356, person, 0.934249460697, 0.513242006302
003407.png, 651, 176, 734, 238, car, 0.912975788116, 0.513242006302
003407.png, 1019, 154, 1241, 372, car, 0.829859375954, 0.513242006302
003407.png, 274, 182, 408, 249, car, 0.764817595482, 0.513242006302
003407.png, 200, 253, 292, 374, bicycle, 0.738295137882, 0.513242006302
003407.png, 624, 172, 667, 205, car, 0.663907289505, 0.513242006302
003407.png, 483, 173, 534, 197, car, 0.562800347805, 0.513242006302
003407.png, 425, 178, 486, 217, car, 0.504887461662, 0.513242006302
003407.png, 204, 184, 380, 255, car, 0.501858830452, 0.513242006302
004426.png, 0, 228, 97, 374, car, 0.791517496109, 0.659075021744
004426.png, 359, 179, 397, 284, person, 0.766847014427, 0.659075021744
004426.png, 350, 222, 425, 299, bicycle, 0.735838651657, 0.659075021744
004426.png, 637, 175, 674, 205, car, 0.682909429073, 0.659075021744
004426.png, 502, 177, 517, 227, person, 0.664433658123, 0.659075021744
004426.png, 413, 176, 458, 253, person, 0.620617985725, 0.659075021744
004426.png, 391, 189, 458, 243, car, 0.569692015648, 0.659075021744
004426.png, 709, 162, 727, 207, person, 0.556968092918, 0.659075021744
004426.png, 615, 170, 642, 189, car, 0.53277528286, 0.659075021744
004426.png, 413, 219, 448, 291, bicycle, 0.515128433704, 0.659075021744
001238.png, 0, 215, 209, 362, car, 0.909040927887, 0.509692907333
001238.png, 187, 172, 251, 320, person, 0.900378465652, 0.509692907333
001238.png, 1144, 168, 1240, 222, car, 0.799473822117, 0.509692907333
001238.png, 361, 176, 393, 291, person, 0.774350583553, 0.509692907333
001238.png, 304, 187, 345, 267, person, 0.700843036175, 0.509692907333
001238.png, 348, 178, 383, 292, person, 0.668120503426, 0.509692907333
001238.png, 339, 180, 370, 285, person, 0.638143777847, 0.509692907333
002686.png, 620, 141, 689, 259, person, 0.82984995842, 0.698124170303
002686.png, 879, 111, 916, 143, car, 0.822706639767, 0.698124170303
002686.png, 618, 187, 686, 273, motorcycle, 0.614399671555, 0.698124170303
005102.png, 1, 187, 218, 284, car, 0.968608438969, 0.48108291626
005102.png, 1007, 201, 1125, 266, bicycle, 0.870396494865, 0.48108291626
005102.png, 1074, 69, 1101, 128, traffic light, 0.835596680641, 0.48108291626
005102.png, 773, 171, 858, 202, car, 0.818595230579, 0.48108291626
005102.png, 266, 181, 357, 217, car, 0.795132935047, 0.48108291626
005102.png, 524, 172, 621, 213, car, 0.661701440811, 0.48108291626
005102.png, 394, 177, 417, 241, person, 0.65943300724, 0.48108291626
003573.png, 554, 152, 624, 275, person, 0.802179217339, 0.628513813019
003573.png, 549, 187, 624, 291, motorcycle, 0.792114019394, 0.628513813019
003573.png, 822, 120, 856, 150, car, 0.689760565758, 0.628513813019
005462.png, 1148, 254, 1242, 374, bicycle, 0.876807332039, 0.492871046066
005462.png, 523, 177, 550, 200, car, 0.803210794926, 0.492871046066
005462.png, 1158, 111, 1241, 267, person, 0.763145446777, 0.492871046066
005462.png, 197, 192, 264, 216, car, 0.629288494587, 0.492871046066
000254.png, 38, 209, 301, 339, car, 0.966056525707, 0.580225944519
000254.png, 1121, 170, 1241, 259, car, 0.934661149979, 0.580225944519
000254.png, 272, 201, 382, 281, car, 0.891615450382, 0.580225944519
000254.png, 385, 197, 500, 274, car, 0.863926768303, 0.580225944519
000254.png, 850, 184, 905, 283, person, 0.784351229668, 0.580225944519
000254.png, 461, 173, 534, 241, car, 0.700027644634, 0.580225944519
000254.png, 822, 220, 938, 289, bicycle, 0.679097950459, 0.580225944519
000254.png, 637, 181, 707, 217, car, 0.669218659401, 0.580225944519
000254.png, 613, 180, 647, 205, car, 0.628440022469, 0.580225944519
000254.png, 786, 206, 854, 275, bicycle, 0.618413031101, 0.580225944519
000254.png, 371, 191, 460, 251, car, 0.598896861076, 0.580225944519
000254.png, 529, 184, 549, 224, car, 0.560586035252, 0.580225944519
000254.png, 548, 181, 575, 203, car, 0.533459544182, 0.580225944519
000254.png, 38, 209, 301, 339, car, 0.966056525707, 0.429756879807
000254.png, 1121, 170, 1241, 259, car, 0.934661149979, 0.429756879807
000254.png, 272, 201, 382, 281, car, 0.891615450382, 0.429756879807
000254.png, 385, 197, 500, 274, car, 0.863926768303, 0.429756879807
000254.png, 850, 184, 905, 283, person, 0.784351229668, 0.429756879807
000254.png, 461, 173, 534, 241, car, 0.700027644634, 0.429756879807
000254.png, 822, 220, 938, 289, bicycle, 0.679097950459, 0.429756879807
000254.png, 637, 181, 707, 217, car, 0.669218659401, 0.429756879807
000254.png, 613, 180, 647, 205, car, 0.628440022469, 0.429756879807
000254.png, 786, 206, 854, 275, bicycle, 0.618413031101, 0.429756879807
000254.png, 371, 191, 460, 251, car, 0.598896861076, 0.429756879807
000254.png, 529, 184, 549, 224, car, 0.560586035252, 0.429756879807
000254.png, 548, 181, 575, 203, car, 0.533459544182, 0.429756879807
004218.png, 274, 201, 469, 326, car, 0.957899868488, 0.453202009201
004218.png, 60, 210, 290, 346, car, 0.930978119373, 0.453202009201
004218.png, 0, 238, 94, 374, car, 0.897391438484, 0.453202009201
004218.png, 908, 255, 1091, 361, bicycle, 0.839734196663, 0.453202009201
004218.png, 652, 186, 738, 225, car, 0.837613940239, 0.453202009201
004218.png, 1087, 199, 1213, 366, person, 0.831866562366, 0.453202009201
004218.png, 960, 200, 1022, 352, person, 0.763309717178, 0.453202009201
004218.png, 627, 185, 669, 212, car, 0.742208361626, 0.453202009201
004218.png, 1021, 262, 1228, 374, bicycle, 0.720832526684, 0.453202009201
004218.png, 533, 191, 565, 221, car, 0.69794023037, 0.453202009201
004218.png, 427, 175, 527, 264, car, 0.666794538498, 0.453202009201
004218.png, 752, 201, 837, 266, bicycle, 0.657889127731, 0.453202009201
004218.png, 522, 191, 552, 232, car, 0.636091291904, 0.453202009201
004218.png, 541, 185, 571, 216, car, 0.562527418137, 0.453202009201
004218.png, 724, 201, 800, 257, bicycle, 0.544727981091, 0.453202009201
004218.png, 547, 179, 581, 208, car, 0.537874341011, 0.453202009201
004218.png, 813, 204, 870, 266, bicycle, 0.513456583023, 0.453202009201
004218.png, 274, 201, 469, 326, car, 0.957899868488, 0.616712808609
004218.png, 60, 210, 290, 346, car, 0.930978119373, 0.616712808609
004218.png, 0, 238, 94, 374, car, 0.897391438484, 0.616712808609
004218.png, 908, 255, 1091, 361, bicycle, 0.839734196663, 0.616712808609
004218.png, 652, 186, 738, 225, car, 0.837613940239, 0.616712808609
004218.png, 1087, 199, 1213, 366, person, 0.831866562366, 0.616712808609
004218.png, 960, 200, 1022, 352, person, 0.763309717178, 0.616712808609
004218.png, 627, 185, 669, 212, car, 0.742208361626, 0.616712808609
004218.png, 1021, 262, 1228, 374, bicycle, 0.720832526684, 0.616712808609
004218.png, 533, 191, 565, 221, car, 0.69794023037, 0.616712808609
004218.png, 427, 175, 527, 264, car, 0.666794538498, 0.616712808609
004218.png, 752, 201, 837, 266, bicycle, 0.657889127731, 0.616712808609
004218.png, 522, 191, 552, 232, car, 0.636091291904, 0.616712808609
004218.png, 541, 185, 571, 216, car, 0.562527418137, 0.616712808609
004218.png, 724, 201, 800, 257, bicycle, 0.544727981091, 0.616712808609
004218.png, 547, 179, 581, 208, car, 0.537874341011, 0.616712808609
004218.png, 813, 204, 870, 266, bicycle, 0.513456583023, 0.616712808609
005106.png, 27, 250, 211, 364, bicycle, 0.846541106701, 0.453125
005106.png, 398, 176, 459, 319, person, 0.7708132267, 0.453125
005106.png, 398, 240, 452, 340, bicycle, 0.741261839867, 0.453125
004224.png, 324, 209, 449, 359, motorcycle, 0.856770098209, 0.620162010193
004224.png, 332, 156, 433, 324, person, 0.779611229897, 0.620162010193
004224.png, 677, 132, 710, 163, car, 0.733253121376, 0.620162010193
002641.png, 329, 177, 493, 291, car, 0.910550653934, 0.507256031036
002641.png, 103, 173, 323, 374, person, 0.903007388115, 0.507256031036
002641.png, 476, 185, 539, 242, car, 0.878325164318, 0.507256031036
002641.png, 806, 200, 1234, 372, car, 0.794710814953, 0.507256031036
002641.png, 553, 170, 582, 194, car, 0.780549108982, 0.507256031036
002641.png, 633, 177, 670, 207, car, 0.697257697582, 0.507256031036
006382.png, 0, 192, 89, 283, bicycle, 0.93812251091, 0.518975019455
006382.png, 966, 196, 1052, 258, bicycle, 0.851519465446, 0.518975019455
006382.png, 707, 182, 765, 210, car, 0.810734331608, 0.518975019455
006382.png, 222, 91, 247, 127, traffic light, 0.755337834358, 0.518975019455
006382.png, 196, 73, 218, 126, traffic light, 0.712158977985, 0.518975019455
006382.png, 657, 182, 697, 206, car, 0.670503795147, 0.518975019455
006382.png, 983, 164, 1030, 235, person, 0.612830221653, 0.518975019455
007301.png, 29, 207, 294, 342, car, 0.981039166451, 0.609737157822
007301.png, 1125, 176, 1240, 262, car, 0.937383234501, 0.609737157822
007301.png, 264, 201, 377, 281, car, 0.927214622498, 0.609737157822
007301.png, 857, 183, 909, 286, person, 0.81092351675, 0.609737157822
007301.png, 382, 197, 498, 276, car, 0.809363722801, 0.609737157822
007301.png, 787, 210, 857, 280, bicycle, 0.73014652729, 0.609737157822
007301.png, 637, 181, 710, 218, car, 0.717923164368, 0.609737157822
007301.png, 826, 221, 944, 291, bicycle, 0.681623458862, 0.609737157822
007301.png, 610, 180, 645, 204, car, 0.647074341774, 0.609737157822
007301.png, 370, 191, 460, 253, car, 0.639652431011, 0.609737157822
007301.png, 461, 174, 536, 242, car, 0.610871911049, 0.609737157822
007301.png, 207, 188, 234, 212, person, 0.602738857269, 0.609737157822
007301.png, 702, 191, 757, 240, bicycle, 0.535493552685, 0.609737157822
007301.png, 541, 185, 566, 206, car, 0.526418268681, 0.609737157822
007301.png, 523, 184, 545, 226, car, 0.500890016556, 0.609737157822
007301.png, 29, 207, 294, 342, car, 0.981039166451, 0.477123975754
007301.png, 1125, 176, 1240, 262, car, 0.937383234501, 0.477123975754
007301.png, 264, 201, 377, 281, car, 0.927214622498, 0.477123975754
007301.png, 857, 183, 909, 286, person, 0.81092351675, 0.477123975754
007301.png, 382, 197, 498, 276, car, 0.809363722801, 0.477123975754
007301.png, 787, 210, 857, 280, bicycle, 0.73014652729, 0.477123975754
007301.png, 637, 181, 710, 218, car, 0.717923164368, 0.477123975754
007301.png, 826, 221, 944, 291, bicycle, 0.681623458862, 0.477123975754
007301.png, 610, 180, 645, 204, car, 0.647074341774, 0.477123975754
007301.png, 370, 191, 460, 253, car, 0.639652431011, 0.477123975754
007301.png, 461, 174, 536, 242, car, 0.610871911049, 0.477123975754
007301.png, 207, 188, 234, 212, person, 0.602738857269, 0.477123975754
007301.png, 702, 191, 757, 240, bicycle, 0.535493552685, 0.477123975754
007301.png, 541, 185, 566, 206, car, 0.526418268681, 0.477123975754
007301.png, 523, 184, 545, 226, car, 0.500890016556, 0.477123975754
003615.png, 758, 202, 851, 264, bicycle, 0.932988226414, 0.652956008911
003615.png, 0, 193, 89, 283, bicycle, 0.924909174442, 0.652956008911
003615.png, 776, 167, 824, 253, person, 0.832923650742, 0.652956008911
003615.png, 596, 183, 693, 215, car, 0.77499383688, 0.652956008911
003615.png, 223, 91, 246, 127, traffic light, 0.749185323715, 0.652956008911
003615.png, 196, 73, 218, 126, traffic light, 0.694447755814, 0.652956008911
006745.png, 613, 167, 655, 199, car, 0.809891939163, 0.489066123962
006745.png, 1, 168, 148, 374, person, 0.764090061188, 0.489066123962
006745.png, 766, 175, 853, 290, potted plant, 0.742725372314, 0.489066123962
006745.png, 527, 156, 547, 197, person, 0.504066586494, 0.489066123962
006023.png, 586, 158, 624, 197, train, 0.856765210629, 0.574238061905
006023.png, 1068, 207, 1233, 360, bicycle, 0.848356962204, 0.574238061905
006023.png, 1075, 132, 1180, 317, person, 0.750926017761, 0.574238061905
006023.png, 415, 181, 449, 203, car, 0.641851603985, 0.574238061905
006023.png, 1114, 137, 1208, 328, person, 0.61758607626, 0.574238061905
006750.png, 517, 163, 740, 253, car, 0.98545306921, 0.508427143097
006750.png, 197, 149, 467, 254, car, 0.933435320854, 0.508427143097
006750.png, 840, 165, 901, 258, person, 0.863112330437, 0.508427143097
006750.png, 0, 153, 79, 262, car, 0.843967974186, 0.508427143097
006750.png, 817, 202, 911, 276, motorcycle, 0.751180052757, 0.508427143097
005271.png, 888, 150, 951, 255, person, 0.938275516033, 0.458542108536
005271.png, 586, 158, 623, 197, train, 0.88486802578, 0.458542108536
005271.png, 148, 190, 241, 235, car, 0.879519939423, 0.458542108536
005271.png, 900, 206, 953, 272, bicycle, 0.791668057442, 0.458542108536
005846.png, 1050, 167, 1084, 250, person, 0.786992311478, 0.65260386467
005846.png, 783, 102, 801, 145, traffic light, 0.783314049244, 0.65260386467
005846.png, 362, 183, 411, 215, car, 0.777924418449, 0.65260386467
005846.png, 946, 168, 976, 240, person, 0.747422277927, 0.65260386467
005846.png, 408, 148, 531, 237, truck, 0.735789239407, 0.65260386467
005846.png, 0, 267, 65, 351, bicycle, 0.729577302933, 0.65260386467
005846.png, 652, 179, 678, 224, person, 0.634306073189, 0.65260386467
005846.png, 286, 172, 307, 222, person, 0.599142432213, 0.65260386467
005846.png, 861, 183, 903, 236, person, 0.594308137894, 0.65260386467
005846.png, 844, 186, 890, 236, person, 0.557424902916, 0.65260386467
004755.png, 1, 208, 308, 374, car, 0.93524825573, 0.474884033203
004755.png, 302, 196, 450, 287, car, 0.927654385567, 0.474884033203
004755.png, 1076, 140, 1170, 263, person, 0.744458734989, 0.474884033203
004755.png, 469, 187, 519, 226, car, 0.737100183964, 0.474884033203
004755.png, 556, 181, 592, 209, car, 0.725669503212, 0.474884033203
004755.png, 1163, 142, 1239, 359, person, 0.667214274406, 0.474884033203
004755.png, 1055, 198, 1160, 306, bicycle, 0.554237186909, 0.474884033203
004755.png, 1122, 252, 1236, 374, bicycle, 0.528571665287, 0.474884033203
004755.png, 498, 160, 543, 214, truck, 0.502551138401, 0.474884033203
004755.png, 538, 179, 560, 204, car, 0.50060915947, 0.474884033203
004755.png, 1, 208, 308, 374, car, 0.93524825573, 0.560184001923
004755.png, 302, 196, 450, 287, car, 0.927654385567, 0.560184001923
004755.png, 1076, 140, 1170, 263, person, 0.744458734989, 0.560184001923
004755.png, 469, 187, 519, 226, car, 0.737100183964, 0.560184001923
004755.png, 556, 181, 592, 209, car, 0.725669503212, 0.560184001923
004755.png, 1163, 142, 1239, 359, person, 0.667214274406, 0.560184001923
004755.png, 1055, 198, 1160, 306, bicycle, 0.554237186909, 0.560184001923
004755.png, 1122, 252, 1236, 374, bicycle, 0.528571665287, 0.560184001923
004755.png, 498, 160, 543, 214, truck, 0.502551138401, 0.560184001923
004755.png, 538, 179, 560, 204, car, 0.50060915947, 0.560184001923
002440.png, 915, 132, 1017, 279, person, 0.880361318588, 0.466706037521
002440.png, 412, 174, 479, 300, person, 0.82553166151, 0.466706037521
002440.png, 625, 171, 667, 297, person, 0.820851325989, 0.466706037521
002440.png, 815, 266, 1026, 374, bicycle, 0.79870557785, 0.466706037521
002440.png, 420, 223, 467, 335, bicycle, 0.780842900276, 0.466706037521
002440.png, 248, 241, 308, 316, chair, 0.774938166142, 0.466706037521
002440.png, 296, 159, 369, 355, person, 0.756663739681, 0.466706037521
002440.png, 1009, 146, 1086, 353, person, 0.749632894993, 0.466706037521
002440.png, 670, 196, 714, 258, bicycle, 0.694951713085, 0.466706037521
002440.png, 28, 153, 188, 325, potted plant, 0.689525842667, 0.466706037521
002440.png, 552, 168, 572, 228, person, 0.65031015873, 0.466706037521
002440.png, 574, 167, 590, 220, person, 0.639721810818, 0.466706037521
002440.png, 514, 169, 534, 225, person, 0.619718074799, 0.466706037521
002440.png, 600, 171, 615, 225, person, 0.551413536072, 0.466706037521
002440.png, 487, 168, 507, 225, person, 0.536195874214, 0.466706037521
002440.png, 204, 244, 257, 310, chair, 0.528834402561, 0.466706037521
002440.png, 582, 169, 600, 227, person, 0.51852285862, 0.466706037521
002440.png, 191, 243, 238, 307, chair, 0.516098439693, 0.466706037521
002440.png, 228, 244, 265, 315, chair, 0.500803232193, 0.466706037521
004964.png, 287, 176, 440, 243, car, 0.933919727802, 0.463644981384
004964.png, 627, 175, 729, 210, car, 0.841038942337, 0.463644981384
004964.png, 364, 175, 389, 252, person, 0.711522996426, 0.463644981384
004964.png, 1196, 37, 1238, 116, traffic light, 0.697773873806, 0.463644981384
004964.png, 1092, 199, 1236, 285, bicycle, 0.683511257172, 0.463644981384
004964.png, 566, 176, 603, 194, car, 0.569317579269, 0.463644981384
004964.png, 897, 161, 997, 205, truck, 0.549942672253, 0.463644981384
004964.png, 1155, 164, 1219, 264, person, 0.523799419403, 0.463644981384
004964.png, 521, 175, 560, 195, car, 0.521086096764, 0.463644981384
004964.png, 1091, 197, 1241, 284, motorcycle, 0.517214179039, 0.463644981384
005677.png, 812, 179, 1239, 374, car, 0.893663108349, 0.63427400589
005677.png, 744, 203, 902, 321, car, 0.876841247082, 0.63427400589
005677.png, 691, 179, 807, 266, car, 0.872860014439, 0.63427400589
005677.png, 663, 175, 716, 224, car, 0.710477113724, 0.63427400589
005677.png, 0, 220, 412, 374, car, 0.600617706776, 0.63427400589
005677.png, 515, 185, 571, 225, car, 0.580510556698, 0.63427400589
005663.png, 994, 142, 1070, 286, person, 0.83534693718, 0.459816932678
005663.png, 1054, 185, 1154, 225, car, 0.819684267044, 0.459816932678
005663.png, 1137, 151, 1223, 359, person, 0.807291984558, 0.459816932678
005663.png, 78, 171, 124, 202, motorcycle, 0.803247869015, 0.459816932678
005663.png, 867, 151, 961, 352, person, 0.798147976398, 0.459816932678
005663.png, 580, 156, 626, 280, person, 0.7906011343, 0.459816932678
005663.png, 995, 227, 1136, 312, bicycle, 0.790148675442, 0.459816932678
005663.png, 661, 154, 739, 299, person, 0.774308204651, 0.459816932678
005663.png, 159, 155, 193, 229, person, 0.731462419033, 0.459816932678
005663.png, 254, 152, 276, 207, person, 0.690560817719, 0.459816932678
005663.png, 917, 154, 1011, 344, person, 0.670514523983, 0.459816932678
005663.png, 643, 155, 709, 302, person, 0.649227440357, 0.459816932678
005663.png, 616, 156, 659, 274, person, 0.647906064987, 0.459816932678
005663.png, 24, 174, 60, 212, motorcycle, 0.624242126942, 0.459816932678
005663.png, 1131, 187, 1184, 225, car, 0.622758984566, 0.459816932678
005663.png, 528, 164, 547, 214, person, 0.529139637947, 0.459816932678
005663.png, 956, 162, 1025, 320, person, 0.508191347122, 0.459816932678
005663.png, 495, 166, 513, 222, person, 0.506063640118, 0.459816932678
004233.png, 986, 181, 1120, 237, car, 0.9446387887, 0.629676103592
004233.png, 1108, 180, 1199, 229, car, 0.888991653919, 0.629676103592
004233.png, 0, 239, 67, 347, bicycle, 0.775005757809, 0.629676103592
006395.png, 698, 197, 752, 245, bicycle, 0.817456424236, 0.4310131073
006395.png, 411, 167, 462, 292, person, 0.79731965065, 0.4310131073
006395.png, 0, 196, 69, 370, person, 0.77035844326, 0.4310131073
006395.png, 1011, 160, 1073, 295, person, 0.767652690411, 0.4310131073
006395.png, 811, 156, 848, 244, person, 0.751712083817, 0.4310131073
006395.png, 155, 168, 215, 353, person, 0.738322734833, 0.4310131073
006395.png, 111, 213, 194, 304, bicycle, 0.668917417526, 0.4310131073
006395.png, 581, 159, 605, 235, person, 0.648163735867, 0.4310131073
006395.png, 914, 243, 1038, 372, bicycle, 0.63885217905, 0.4310131073
006395.png, 218, 213, 339, 309, motorcycle, 0.584516346455, 0.4310131073
006395.png, 505, 165, 527, 229, person, 0.559905946255, 0.4310131073
006395.png, 549, 158, 572, 221, person, 0.532354176044, 0.4310131073
006395.png, 330, 201, 386, 258, bicycle, 0.5090752244, 0.4310131073
006395.png, 833, 236, 902, 372, bicycle, 0.506991267204, 0.4310131073
003616.png, 553, 176, 704, 302, car, 0.97607088089, 0.472296953201
003616.png, 1082, 192, 1205, 300, bicycle, 0.920702695847, 0.472296953201
003616.png, 1, 0, 225, 374, train, 0.838128268719, 0.472296953201
003616.png, 1088, 127, 1180, 279, person, 0.820716738701, 0.472296953201
001997.png, 501, 151, 561, 208, train, 0.925946116447, 0.719100952148
001997.png, 932, 210, 994, 284, bicycle, 0.828287243843, 0.719100952148
001997.png, 409, 185, 440, 208, car, 0.770840287209, 0.719100952148
001997.png, 932, 160, 976, 269, person, 0.757563769817, 0.719100952148
001997.png, 581, 177, 630, 218, car, 0.503871977329, 0.719100952148
005528.png, 0, 232, 283, 374, car, 0.889002144337, 1.39054608345
005528.png, 781, 207, 949, 307, bicycle, 0.834915995598, 1.39054608345
005528.png, 169, 178, 202, 302, person, 0.792911887169, 1.39054608345
005528.png, 757, 61, 788, 121, traffic light, 0.791630029678, 1.39054608345
005528.png, 183, 75, 224, 134, traffic light, 0.786641478539, 1.39054608345
005528.png, 883, 167, 919, 210, backpack, 0.725692808628, 1.39054608345
005528.png, 841, 146, 904, 295, person, 0.701836824417, 1.39054608345
005528.png, 737, 173, 771, 272, person, 0.697999596596, 1.39054608345
005528.png, 89, 202, 229, 269, car, 0.683317959309, 1.39054608345
005528.png, 403, 185, 454, 215, car, 0.656712412834, 1.39054608345
005528.png, 600, 176, 628, 201, car, 0.652133047581, 1.39054608345
005528.png, 965, 197, 1010, 238, bicycle, 0.609332382679, 1.39054608345
005528.png, 780, 164, 819, 281, person, 0.581871211529, 1.39054608345
005528.png, 793, 155, 835, 279, person, 0.531846284866, 1.39054608345
005528.png, 85, 213, 172, 271, car, 0.500942826271, 1.39054608345
005528.png, 0, 232, 283, 374, car, 0.889002144337, 0.556658983231
005528.png, 781, 207, 949, 307, bicycle, 0.834915995598, 0.556658983231
005528.png, 169, 178, 202, 302, person, 0.792911887169, 0.556658983231
005528.png, 757, 61, 788, 121, traffic light, 0.791630029678, 0.556658983231
005528.png, 183, 75, 224, 134, traffic light, 0.786641478539, 0.556658983231
005528.png, 883, 167, 919, 210, backpack, 0.725692808628, 0.556658983231
005528.png, 841, 146, 904, 295, person, 0.701836824417, 0.556658983231
005528.png, 737, 173, 771, 272, person, 0.697999596596, 0.556658983231
005528.png, 89, 202, 229, 269, car, 0.683317959309, 0.556658983231
005528.png, 403, 185, 454, 215, car, 0.656712412834, 0.556658983231
005528.png, 600, 176, 628, 201, car, 0.652133047581, 0.556658983231
005528.png, 965, 197, 1010, 238, bicycle, 0.609332382679, 0.556658983231
005528.png, 780, 164, 819, 281, person, 0.581871211529, 0.556658983231
005528.png, 793, 155, 835, 279, person, 0.531846284866, 0.556658983231
005528.png, 85, 213, 172, 271, car, 0.500942826271, 0.556658983231
000691.png, 663, 183, 757, 252, car, 0.940043210983, 0.45379281044
000691.png, 254, 186, 411, 263, car, 0.84460735321, 0.45379281044
000691.png, 1, 208, 101, 370, person, 0.822198271751, 0.45379281044
000691.png, 1189, 172, 1242, 374, car, 0.669573426247, 0.45379281044
000691.png, 491, 179, 538, 205, car, 0.620870888233, 0.45379281044
000691.png, 633, 177, 681, 214, car, 0.617444753647, 0.45379281044
000691.png, 359, 187, 427, 233, car, 0.593365311623, 0.45379281044
000691.png, 51, 193, 331, 273, car, 0.551974713802, 0.45379281044
000691.png, 472, 183, 497, 215, car, 0.51474416256, 0.45379281044
007129.png, 1109, 150, 1240, 371, person, 0.845734834671, 0.459352970123
007129.png, 328, 174, 387, 294, person, 0.840029478073, 0.459352970123
007129.png, 538, 180, 557, 227, person, 0.794452250004, 0.459352970123
007129.png, 803, 172, 833, 233, person, 0.789862275124, 0.459352970123
007129.png, 439, 163, 475, 264, person, 0.789032399654, 0.459352970123
007129.png, 333, 224, 375, 318, bicycle, 0.761804521084, 0.459352970123
007129.png, 1060, 224, 1115, 299, bicycle, 0.677332520485, 0.459352970123
007129.png, 521, 179, 537, 225, person, 0.620222091675, 0.459352970123
007129.png, 477, 173, 494, 210, person, 0.544849276543, 0.459352970123
001216.png, 984, 134, 1106, 337, person, 0.939787089825, 0.673924922943
001216.png, 0, 122, 174, 246, train, 0.881207704544, 0.673924922943
001216.png, 966, 224, 1117, 370, bicycle, 0.796546638012, 0.673924922943
001216.png, 583, 181, 611, 205, car, 0.736572027206, 0.673924922943
003367.png, 870, 2, 954, 87, traffic light, 0.912580907345, 0.900876998901
003367.png, 808, 183, 872, 331, person, 0.898765325546, 0.900876998901
003367.png, 1097, 120, 1231, 372, person, 0.866897642612, 0.900876998901
003367.png, 917, 159, 993, 374, person, 0.814907073975, 0.900876998901
003367.png, 349, 193, 417, 229, car, 0.712752819061, 0.900876998901
003367.png, 602, 182, 630, 208, car, 0.667058348656, 0.900876998901
003367.png, 982, 239, 1158, 374, bicycle, 0.66401809454, 0.900876998901
003367.png, 845, 244, 1083, 357, bicycle, 0.633225798607, 0.900876998901
003367.png, 876, 195, 1020, 356, bicycle, 0.505832195282, 0.900876998901
003367.png, 870, 2, 954, 87, traffic light, 0.912580907345, 0.937530994415
003367.png, 808, 183, 872, 331, person, 0.898765325546, 0.937530994415
003367.png, 1097, 120, 1231, 372, person, 0.866897642612, 0.937530994415
003367.png, 917, 159, 993, 374, person, 0.814907073975, 0.937530994415
003367.png, 349, 193, 417, 229, car, 0.712752819061, 0.937530994415
003367.png, 602, 182, 630, 208, car, 0.667058348656, 0.937530994415
003367.png, 982, 239, 1158, 374, bicycle, 0.66401809454, 0.937530994415
003367.png, 845, 244, 1083, 357, bicycle, 0.633225798607, 0.937530994415
003367.png, 876, 195, 1020, 356, bicycle, 0.505832195282, 0.937530994415
000915.png, 181, 190, 287, 370, person, 0.927071273327, 0.976052999496
000915.png, 48, 198, 162, 370, person, 0.894088685513, 0.976052999496
000915.png, 300, 199, 428, 274, car, 0.82453751564, 0.976052999496
000915.png, 487, 189, 526, 221, car, 0.78004437685, 0.976052999496
000915.png, 468, 182, 490, 248, person, 0.779648840427, 0.976052999496
000915.png, 163, 269, 262, 374, bicycle, 0.707785904408, 0.976052999496
000915.png, 31, 275, 181, 374, bicycle, 0.686179101467, 0.976052999496
000915.png, 615, 175, 642, 195, car, 0.612939953804, 0.976052999496
000915.png, 641, 181, 679, 212, car, 0.607518672943, 0.976052999496
000915.png, 724, 166, 740, 224, person, 0.504618167877, 0.976052999496
000915.png, 181, 190, 287, 370, person, 0.927071273327, 0.901589870453
000915.png, 48, 198, 162, 370, person, 0.894088685513, 0.901589870453
000915.png, 300, 199, 428, 274, car, 0.82453751564, 0.901589870453
000915.png, 487, 189, 526, 221, car, 0.78004437685, 0.901589870453
000915.png, 468, 182, 490, 248, person, 0.779648840427, 0.901589870453
000915.png, 163, 269, 262, 374, bicycle, 0.707785904408, 0.901589870453
000915.png, 31, 275, 181, 374, bicycle, 0.686179101467, 0.901589870453
000915.png, 615, 175, 642, 195, car, 0.612939953804, 0.901589870453
000915.png, 641, 181, 679, 212, car, 0.607518672943, 0.901589870453
000915.png, 724, 166, 740, 224, person, 0.504618167877, 0.901589870453
006431.png, 734, 180, 917, 300, car, 0.983414709568, 0.841779947281
006431.png, 938, 153, 997, 272, person, 0.951139569283, 0.841779947281
006431.png, 689, 169, 777, 255, car, 0.85404086113, 0.841779947281
006431.png, 381, 172, 425, 262, person, 0.850905895233, 0.841779947281
006431.png, 221, 191, 381, 294, car, 0.839640080929, 0.841779947281
006431.png, 134, 189, 260, 362, person, 0.833159983158, 0.841779947281
006431.png, 466, 178, 506, 215, car, 0.810337007046, 0.841779947281
006431.png, 417, 175, 474, 235, car, 0.752731502056, 0.841779947281
006431.png, 127, 278, 277, 374, bicycle, 0.750446379185, 0.841779947281
006431.png, 3, 220, 258, 371, car, 0.699516057968, 0.841779947281
006431.png, 389, 220, 424, 280, bicycle, 0.665592193604, 0.841779947281
006431.png, 669, 160, 753, 237, car, 0.61676132679, 0.841779947281
006431.png, 665, 166, 714, 229, car, 0.514907717705, 0.841779947281
001404.png, 757, 177, 994, 330, car, 0.991065561771, 0.997794151306
001404.png, 143, 197, 345, 319, car, 0.93377405405, 0.997794151306
001404.png, 996, 145, 1061, 288, person, 0.927495837212, 0.997794151306
001404.png, 1, 222, 169, 374, car, 0.910295188427, 0.997794151306
001404.png, 459, 179, 504, 216, car, 0.894672811031, 0.997794151306
001404.png, 693, 168, 801, 259, car, 0.870449483395, 0.997794151306
001404.png, 391, 175, 467, 237, car, 0.859108686447, 0.997794151306
001404.png, 331, 175, 385, 284, person, 0.827437698841, 0.997794151306
001404.png, 333, 224, 388, 309, bicycle, 0.822891354561, 0.997794151306
001404.png, 667, 165, 740, 233, car, 0.805087685585, 0.997794151306
001404.png, 377, 183, 444, 245, car, 0.659195780754, 0.997794151306
001404.png, 757, 177, 994, 330, car, 0.991065561771, 0.915544033051
001404.png, 143, 197, 345, 319, car, 0.93377405405, 0.915544033051
001404.png, 996, 145, 1061, 288, person, 0.927495837212, 0.915544033051
001404.png, 1, 222, 169, 374, car, 0.910295188427, 0.915544033051
001404.png, 459, 179, 504, 216, car, 0.894672811031, 0.915544033051
001404.png, 693, 168, 801, 259, car, 0.870449483395, 0.915544033051
001404.png, 391, 175, 467, 237, car, 0.859108686447, 0.915544033051
001404.png, 331, 175, 385, 284, person, 0.827437698841, 0.915544033051
001404.png, 333, 224, 388, 309, bicycle, 0.822891354561, 0.915544033051
001404.png, 667, 165, 740, 233, car, 0.805087685585, 0.915544033051
001404.png, 377, 183, 444, 245, car, 0.659195780754, 0.915544033051
006828.png, 707, 195, 774, 260, bicycle, 0.932476103306, 0.899418830872
006828.png, 948, 285, 1108, 374, bicycle, 0.894571423531, 0.899418830872
006828.png, 296, 169, 386, 347, person, 0.786974847317, 0.899418830872
006828.png, 829, 155, 871, 262, person, 0.736748218536, 0.899418830872
006828.png, 304, 245, 354, 365, bicycle, 0.645474433899, 0.899418830872
006828.png, 167, 218, 270, 311, bicycle, 0.608360826969, 0.899418830872
006828.png, 577, 160, 605, 242, person, 0.566123127937, 0.899418830872
006828.png, 531, 161, 556, 233, person, 0.550899863243, 0.899418830872
006828.png, 87, 241, 241, 355, bicycle, 0.542108237743, 0.899418830872
006828.png, 450, 161, 473, 242, person, 0.528016149998, 0.899418830872
006828.png, 612, 163, 629, 210, person, 0.509989619255, 0.899418830872
006828.png, 3, 258, 189, 368, bicycle, 0.504503846169, 0.899418830872
000295.png, 829, 147, 886, 279, person, 0.872291207314, 0.962535142899
000295.png, 289, 191, 412, 286, car, 0.851818680763, 0.962535142899
000295.png, 839, 212, 888, 303, bicycle, 0.765122294426, 0.962535142899
004965.png, 584, 176, 662, 237, car, 0.941219210625, 0.930464982986
004965.png, 33, 171, 216, 241, car, 0.88344758749, 0.930464982986
004965.png, 711, 153, 823, 250, bus, 0.792659878731, 0.930464982986
004965.png, 390, 169, 490, 230, car, 0.778220236301, 0.930464982986
004965.png, 359, 153, 402, 297, person, 0.758682906628, 0.930464982986
004965.png, 1170, 176, 1237, 321, person, 0.742976725101, 0.930464982986
004965.png, 1100, 220, 1242, 326, bicycle, 0.737935900688, 0.930464982986
004965.png, 1011, 79, 1046, 123, traffic light, 0.716015219688, 0.930464982986
004965.png, 683, 172, 716, 211, car, 0.696743071079, 0.930464982986
004965.png, 352, 186, 385, 241, handbag, 0.655816316605, 0.930464982986
004965.png, 350, 72, 378, 121, traffic light, 0.654134094715, 0.930464982986
004965.png, 498, 172, 543, 207, car, 0.632830440998, 0.930464982986
004965.png, 674, 167, 706, 204, car, 0.617807686329, 0.930464982986
004965.png, 531, 165, 570, 191, car, 0.612399101257, 0.930464982986
004965.png, 478, 173, 525, 216, car, 0.597079873085, 0.930464982986
004965.png, 234, 161, 328, 219, car, 0.528205573559, 0.930464982986
005448.png, 41, 177, 444, 374, car, 0.922976136208, 0.976339101791
005448.png, 594, 172, 622, 198, car, 0.796437799931, 0.976339101791
005448.png, 723, 191, 819, 258, bicycle, 0.740591287613, 0.976339101791
005448.png, 311, 100, 335, 141, traffic light, 0.70586681366, 0.976339101791
005448.png, 706, 94, 727, 136, traffic light, 0.650474429131, 0.976339101791
005448.png, 759, 160, 798, 255, person, 0.593577742577, 0.976339101791
005448.png, 696, 167, 719, 242, person, 0.534543097019, 0.976339101791
005448.png, 723, 164, 752, 248, person, 0.507172465324, 0.976339101791
003763.png, 7, 186, 288, 353, car, 0.876232385635, 0.931132078171
003763.png, 228, 163, 317, 345, person, 0.863705217838, 0.931132078171
003763.png, 648, 155, 676, 235, person, 0.847773611546, 0.931132078171
003763.png, 238, 238, 314, 372, bicycle, 0.844803035259, 0.931132078171
003763.png, 36, 180, 93, 264, person, 0.813771724701, 0.931132078171
003763.png, 467, 161, 485, 215, person, 0.705929338932, 0.931132078171
003763.png, 341, 173, 363, 221, person, 0.703321456909, 0.931132078171
003763.png, 0, 178, 31, 274, person, 0.562844336033, 0.931132078171
000796.png, 116, 206, 312, 325, car, 0.962357461452, 0.949074983597
000796.png, 300, 196, 473, 308, car, 0.947483658791, 0.949074983597
000796.png, 0, 222, 140, 368, car, 0.920997262001, 0.949074983597
000796.png, 1014, 192, 1118, 354, person, 0.825735330582, 0.949074983597
000796.png, 902, 194, 960, 324, person, 0.819151997566, 0.949074983597
000796.png, 956, 252, 1182, 369, bicycle, 0.812612593174, 0.949074983597
000796.png, 857, 241, 1022, 339, bicycle, 0.742415904999, 0.949074983597
000796.png, 733, 199, 808, 259, bicycle, 0.724101662636, 0.949074983597
000796.png, 37, 216, 229, 350, car, 0.695188879967, 0.949074983597
000796.png, 649, 183, 727, 221, car, 0.693225800991, 0.949074983597
000796.png, 431, 172, 526, 257, car, 0.692153036594, 0.949074983597
000796.png, 623, 181, 663, 209, car, 0.6770581007, 0.949074983597
000796.png, 527, 186, 559, 220, car, 0.614529550076, 0.949074983597
000796.png, 534, 184, 566, 211, car, 0.598151683807, 0.949074983597
000796.png, 799, 204, 848, 261, bicycle, 0.565074205399, 0.949074983597
000796.png, 520, 186, 545, 232, car, 0.522100448608, 0.949074983597
000796.png, 546, 177, 576, 204, car, 0.504355788231, 0.949074983597
000796.png, 116, 206, 312, 325, car, 0.962357461452, 0.966060876846
000796.png, 300, 196, 473, 308, car, 0.947483658791, 0.966060876846
000796.png, 0, 222, 140, 368, car, 0.920997262001, 0.966060876846
000796.png, 1014, 192, 1118, 354, person, 0.825735330582, 0.966060876846
000796.png, 902, 194, 960, 324, person, 0.819151997566, 0.966060876846
000796.png, 956, 252, 1182, 369, bicycle, 0.812612593174, 0.966060876846
000796.png, 857, 241, 1022, 339, bicycle, 0.742415904999, 0.966060876846
000796.png, 733, 199, 808, 259, bicycle, 0.724101662636, 0.966060876846
000796.png, 37, 216, 229, 350, car, 0.695188879967, 0.966060876846
000796.png, 649, 183, 727, 221, car, 0.693225800991, 0.966060876846
000796.png, 431, 172, 526, 257, car, 0.692153036594, 0.966060876846
000796.png, 623, 181, 663, 209, car, 0.6770581007, 0.966060876846
000796.png, 527, 186, 559, 220, car, 0.614529550076, 0.966060876846
000796.png, 534, 184, 566, 211, car, 0.598151683807, 0.966060876846
000796.png, 799, 204, 848, 261, bicycle, 0.565074205399, 0.966060876846
000796.png, 520, 186, 545, 232, car, 0.522100448608, 0.966060876846
000796.png, 546, 177, 576, 204, car, 0.504355788231, 0.966060876846
000972.png, 967, 130, 1079, 335, person, 0.967684924603, 0.851840019226
000972.png, 0, 224, 141, 374, car, 0.949260115623, 0.851840019226
000972.png, 965, 232, 1101, 374, bicycle, 0.880187809467, 0.851840019226
000972.png, 535, 175, 558, 195, car, 0.526717662811, 0.851840019226
002036.png, 506, 195, 585, 303, motorcycle, 0.783082783222, 0.497972011566
002036.png, 517, 154, 579, 277, person, 0.741824448109, 0.497972011566
002036.png, 788, 125, 820, 155, car, 0.72451621294, 0.497972011566
003466.png, 440, 201, 479, 261, bicycle, 0.830481410027, 0.525072097778
003466.png, 345, 205, 390, 293, bicycle, 0.791890919209, 0.525072097778
003466.png, 342, 154, 395, 270, person, 0.781418502331, 0.525072097778
003466.png, 560, 159, 588, 181, car, 0.751872062683, 0.525072097778
003466.png, 793, 167, 833, 264, person, 0.703320145607, 0.525072097778
003466.png, 441, 161, 479, 241, person, 0.619076550007, 0.525072097778
003466.png, 602, 133, 651, 193, bus, 0.599182248116, 0.525072097778
003466.png, 601, 134, 651, 192, truck, 0.588156580925, 0.525072097778
006734.png, 281, 191, 420, 274, car, 0.945586621761, 0.498620033264
006734.png, 15, 181, 177, 371, person, 0.929793715477, 0.498620033264
006734.png, 481, 182, 525, 217, car, 0.729425251484, 0.498620033264
006734.png, 462, 178, 483, 247, person, 0.69013094902, 0.498620033264
006734.png, 3, 295, 190, 374, bicycle, 0.657598972321, 0.498620033264
006734.png, 617, 169, 644, 190, car, 0.549826741219, 0.498620033264
006734.png, 461, 202, 482, 251, bicycle, 0.531964361668, 0.498620033264
006734.png, 281, 191, 420, 274, car, 0.945586621761, 0.470386981964
006734.png, 15, 181, 177, 371, person, 0.929793715477, 0.470386981964
006734.png, 481, 182, 525, 217, car, 0.729425251484, 0.470386981964
006734.png, 462, 178, 483, 247, person, 0.69013094902, 0.470386981964
006734.png, 3, 295, 190, 374, bicycle, 0.657598972321, 0.470386981964
006734.png, 617, 169, 644, 190, car, 0.549826741219, 0.470386981964
006734.png, 461, 202, 482, 251, bicycle, 0.531964361668, 0.470386981964
006912.png, 893, 139, 978, 301, person, 0.91354572773, 0.503429889679
006912.png, 0, 197, 317, 369, car, 0.897044241428, 0.503429889679
006912.png, 902, 219, 988, 337, bicycle, 0.894131541252, 0.503429889679
006912.png, 276, 185, 344, 211, car, 0.555129885674, 0.503429889679
004122.png, 691, 193, 876, 312, car, 0.944054663181, 1.0809969902
004122.png, 308, 194, 364, 320, person, 0.89028775692, 1.0809969902
004122.png, 578, 194, 642, 238, car, 0.883656322956, 1.0809969902
004122.png, 306, 247, 397, 341, bicycle, 0.720111548901, 1.0809969902
004122.png, 637, 188, 707, 219, car, 0.685440123081, 1.0809969902
004122.png, 524, 192, 587, 217, car, 0.59470397234, 1.0809969902
004122.png, 693, 186, 753, 212, car, 0.594171047211, 1.0809969902
001502.png, 245, 214, 398, 373, motorcycle, 0.924056172371, 1.18138408661
001502.png, 270, 162, 373, 353, person, 0.834425985813, 1.18138408661
001502.png, 650, 142, 682, 167, car, 0.540481090546, 1.18138408661
002745.png, 247, 250, 328, 359, bicycle, 0.842761278152, 0.58042383194
002745.png, 333, 184, 391, 307, person, 0.838681578636, 0.58042383194
002745.png, 384, 200, 443, 264, car, 0.780494630337, 0.58042383194
002745.png, 328, 242, 393, 345, bicycle, 0.77165466547, 0.58042383194
002745.png, 256, 191, 319, 327, person, 0.748143255711, 0.58042383194
002745.png, 485, 184, 505, 242, person, 0.684824049473, 0.58042383194
002745.png, 712, 164, 732, 221, person, 0.673621535301, 0.58042383194
002745.png, 500, 190, 530, 220, car, 0.636851072311, 0.58042383194
002745.png, 614, 176, 643, 195, car, 0.58019733429, 0.58042383194
002745.png, 247, 250, 328, 359, bicycle, 0.842761278152, 0.478746891022
002745.png, 333, 184, 391, 307, person, 0.838681578636, 0.478746891022
002745.png, 384, 200, 443, 264, car, 0.780494630337, 0.478746891022
002745.png, 328, 242, 393, 345, bicycle, 0.77165466547, 0.478746891022
002745.png, 256, 191, 319, 327, person, 0.748143255711, 0.478746891022
002745.png, 485, 184, 505, 242, person, 0.684824049473, 0.478746891022
002745.png, 712, 164, 732, 221, person, 0.673621535301, 0.478746891022
002745.png, 500, 190, 530, 220, car, 0.636851072311, 0.478746891022
002745.png, 614, 176, 643, 195, car, 0.58019733429, 0.478746891022
005980.png, 33, 172, 131, 338, person, 0.85558283329, 0.488523006439
005980.png, 1112, 167, 1242, 224, car, 0.829233825207, 0.488523006439
005980.png, 281, 165, 323, 293, person, 0.800552606583, 0.488523006439
005980.png, 253, 170, 291, 302, person, 0.759932339191, 0.488523006439
005980.png, 236, 232, 336, 291, bicycle, 0.580952346325, 0.488523006439
004283.png, 873, 148, 956, 335, person, 0.835838139057, 0.784150123596
004283.png, 594, 209, 647, 271, bicycle, 0.83440887928, 0.784150123596
004283.png, 649, 203, 703, 262, bicycle, 0.803099870682, 0.784150123596
004283.png, 1056, 187, 1151, 224, car, 0.799340128899, 0.784150123596
004283.png, 734, 151, 792, 300, person, 0.792261958122, 0.784150123596
004283.png, 38, 151, 71, 247, person, 0.751622319221, 0.784150123596
004283.png, 789, 151, 847, 292, person, 0.718084871769, 0.784150123596
004283.png, 659, 154, 701, 243, person, 0.660394132137, 0.784150123596
004283.png, 218, 156, 243, 211, person, 0.634025096893, 0.784150123596
004283.png, 600, 168, 643, 240, person, 0.583623230457, 0.784150123596
004283.png, 1133, 187, 1220, 225, car, 0.557841897011, 0.784150123596
004283.png, 244, 169, 290, 194, bicycle, 0.540363490582, 0.784150123596
004283.png, 81, 172, 120, 202, motorcycle, 0.527587413788, 0.784150123596
004283.png, 1005, 187, 1068, 218, car, 0.503300964832, 0.784150123596
004283.png, 873, 148, 956, 335, person, 0.835838139057, 0.910671949387
004283.png, 594, 209, 647, 271, bicycle, 0.83440887928, 0.910671949387
004283.png, 649, 203, 703, 262, bicycle, 0.803099870682, 0.910671949387
004283.png, 1056, 187, 1151, 224, car, 0.799340128899, 0.910671949387
004283.png, 734, 151, 792, 300, person, 0.792261958122, 0.910671949387
004283.png, 38, 151, 71, 247, person, 0.751622319221, 0.910671949387
004283.png, 789, 151, 847, 292, person, 0.718084871769, 0.910671949387
004283.png, 659, 154, 701, 243, person, 0.660394132137, 0.910671949387
004283.png, 218, 156, 243, 211, person, 0.634025096893, 0.910671949387
004283.png, 600, 168, 643, 240, person, 0.583623230457, 0.910671949387
004283.png, 1133, 187, 1220, 225, car, 0.557841897011, 0.910671949387
004283.png, 244, 169, 290, 194, bicycle, 0.540363490582, 0.910671949387
004283.png, 81, 172, 120, 202, motorcycle, 0.527587413788, 0.910671949387
004283.png, 1005, 187, 1068, 218, car, 0.503300964832, 0.910671949387
005604.png, 174, 172, 206, 268, person, 0.829964756966, 0.971533060074
005604.png, 1098, 158, 1184, 350, person, 0.753332257271, 0.971533060074
005604.png, 1102, 225, 1177, 371, bicycle, 0.714779496193, 0.971533060074
005604.png, 797, 154, 836, 281, person, 0.677615404129, 0.971533060074
005604.png, 1131, 182, 1183, 266, handbag, 0.647390007973, 0.971533060074
005604.png, 244, 173, 289, 267, person, 0.623706579208, 0.971533060074
005604.png, 1079, 163, 1118, 295, person, 0.584990918636, 0.971533060074
005604.png, 133, 197, 169, 246, person, 0.583711624146, 0.971533060074
005604.png, 526, 156, 592, 208, truck, 0.555387914181, 0.971533060074
005604.png, 1125, 173, 1183, 307, person, 0.53727376461, 0.971533060074
005604.png, 780, 186, 802, 252, person, 0.530700266361, 0.971533060074
005604.png, 342, 182, 395, 220, motorcycle, 0.507521629333, 0.971533060074
005604.png, 487, 172, 502, 218, person, 0.503421843052, 0.971533060074
001310.png, 2, 208, 249, 374, car, 0.934484124184, 0.856587171555
001310.png, 923, 133, 1022, 311, person, 0.918393611908, 0.856587171555
001310.png, 931, 226, 1037, 359, bicycle, 0.832956790924, 0.856587171555
001648.png, 651, 211, 734, 293, bicycle, 0.928311169147, 0.95955991745
001648.png, 733, 200, 834, 278, bicycle, 0.853552818298, 0.95955991745
001648.png, 986, 149, 1100, 353, person, 0.838517248631, 0.95955991745
001648.png, 864, 154, 926, 306, person, 0.827496647835, 0.95955991745
001648.png, 934, 149, 1011, 322, person, 0.808051586151, 0.95955991745
001648.png, 78, 171, 123, 202, motorcycle, 0.779110491276, 0.95955991745
001648.png, 205, 156, 228, 214, person, 0.766416490078, 0.95955991745
001648.png, 1056, 187, 1153, 225, car, 0.738448500633, 0.95955991745
001648.png, 747, 153, 806, 255, person, 0.736464500427, 0.95955991745
001648.png, 830, 147, 873, 313, person, 0.732046425343, 0.95955991745
001648.png, 24, 172, 60, 212, motorcycle, 0.706049621105, 0.95955991745
001648.png, 410, 163, 432, 228, person, 0.700874626637, 0.95955991745
001648.png, 175, 155, 201, 213, person, 0.679608285427, 0.95955991745
001648.png, 663, 162, 717, 258, person, 0.655201494694, 0.95955991745
001648.png, 602, 174, 634, 205, car, 0.636511087418, 0.95955991745
001648.png, 236, 170, 287, 194, bicycle, 0.609769463539, 0.95955991745
001648.png, 0, 144, 34, 253, person, 0.590863585472, 0.95955991745
001648.png, 1138, 187, 1218, 225, car, 0.508708298206, 0.95955991745
001648.png, 651, 211, 734, 293, bicycle, 0.928311169147, 0.973992824554
001648.png, 733, 200, 834, 278, bicycle, 0.853552818298, 0.973992824554
001648.png, 986, 149, 1100, 353, person, 0.838517248631, 0.973992824554
001648.png, 864, 154, 926, 306, person, 0.827496647835, 0.973992824554
001648.png, 934, 149, 1011, 322, person, 0.808051586151, 0.973992824554
001648.png, 78, 171, 123, 202, motorcycle, 0.779110491276, 0.973992824554
001648.png, 205, 156, 228, 214, person, 0.766416490078, 0.973992824554
001648.png, 1056, 187, 1153, 225, car, 0.738448500633, 0.973992824554
001648.png, 747, 153, 806, 255, person, 0.736464500427, 0.973992824554
001648.png, 830, 147, 873, 313, person, 0.732046425343, 0.973992824554
001648.png, 24, 172, 60, 212, motorcycle, 0.706049621105, 0.973992824554
001648.png, 410, 163, 432, 228, person, 0.700874626637, 0.973992824554
001648.png, 175, 155, 201, 213, person, 0.679608285427, 0.973992824554
001648.png, 663, 162, 717, 258, person, 0.655201494694, 0.973992824554
001648.png, 602, 174, 634, 205, car, 0.636511087418, 0.973992824554
001648.png, 236, 170, 287, 194, bicycle, 0.609769463539, 0.973992824554
001648.png, 0, 144, 34, 253, person, 0.590863585472, 0.973992824554
001648.png, 1138, 187, 1218, 225, car, 0.508708298206, 0.973992824554
000583.png, 1051, 216, 1159, 320, bicycle, 0.93131929636, 1.02103209496
000583.png, 328, 189, 382, 221, car, 0.868118643761, 1.02103209496
000583.png, 1054, 148, 1136, 299, person, 0.849106550217, 1.02103209496
000583.png, 497, 150, 541, 202, train, 0.773008227348, 1.02103209496
000583.png, 570, 178, 619, 217, car, 0.636965215206, 1.02103209496
000583.png, 410, 184, 433, 207, car, 0.507796823978, 1.02103209496
006333.png, 260, 187, 413, 274, car, 0.962131917477, 0.975793123245
006333.png, 445, 172, 472, 247, person, 0.829721808434, 0.975793123245
006333.png, 472, 175, 524, 212, car, 0.772753298283, 0.975793123245
006333.png, 448, 204, 475, 252, bicycle, 0.686676204205, 0.975793123245
006333.png, 617, 164, 650, 185, car, 0.603057146072, 0.975793123245
006333.png, 646, 171, 687, 203, car, 0.507874786854, 0.975793123245
006496.png, 0, 230, 284, 369, car, 0.930605590343, 0.942582845688
006496.png, 637, 152, 723, 318, person, 0.904723584652, 0.942582845688
006496.png, 1005, 145, 1103, 289, person, 0.865722715855, 0.942582845688
006496.png, 181, 176, 220, 273, person, 0.857302069664, 0.942582845688
006496.png, 140, 72, 164, 135, traffic light, 0.787669062614, 0.942582845688
006496.png, 988, 43, 1014, 106, traffic light, 0.779882192612, 0.942582845688
006496.png, 449, 173, 481, 199, car, 0.765694916248, 0.942582845688
006496.png, 843, 160, 899, 238, person, 0.763181447983, 0.942582845688
006496.png, 824, 197, 934, 268, bicycle, 0.643399298191, 0.942582845688
